<?xml version="1.0" encoding="UTF-8"?>
<project-private xmlns="http://www.netbeans.org/ns/project-private/1">
    <editor-bookmarks xmlns="http://www.netbeans.org/ns/editor-bookmarks/2" lastBookmarkId="0"/>
    <open-files xmlns="http://www.netbeans.org/ns/projectui-open-files/2">
        <group>
            <file>file:/Users/thanishqueharshaa/MPLABXProjects/ENSF460Assignment4.X/main.c</file>
            <file>file:/Users/thanishqueharshaa/MPLABXProjects/ENSF460Assignment4.X/UART2.h</file>
            <file>file:/Users/thanishqueharshaa/MPLABXProjects/ENSF460Assignment4.X/PWM.h</file>
            <file>file:/Users/thanishqueharshaa/MPLABXProjects/ENSF460Assignment4.X/IOs.c</file>
            <file>file:/Users/thanishqueharshaa/MPLABXProjects/ENSF460Assignment4.X/ADC.h</file>
            <file>file:/Users/thanishqueharshaa/MPLABXProjects/ENSF460Assignment4.X/clkChange.h</file>
            <file>file:/Users/thanishqueharshaa/MPLABXProjects/ENSF460Assignment4.X/UART2.c</file>
            <file>file:/Users/thanishqueharshaa/MPLABXProjects/ENSF460Assignment4.X/Makefile</file>
            <file>file:/Users/thanishqueharshaa/MPLABXProjects/ENSF460Assignment4.X/PWM.c</file>
            <file>file:/Users/thanishqueharshaa/MPLABXProjects/ENSF460Assignment4.X/ClkChange.c</file>
            <file>file:/Users/thanishqueharshaa/MPLABXProjects/ENSF460Assignment4.X/IOs.h</file>
            <file>file:/Users/thanishqueharshaa/MPLABXProjects/ENSF460Assignment4.X/ADC.c</file>
        </group>
    </open-files>
</project-private>
